<?xml version="1.0" encoding="UTF-8"?>
<FreeXml>
    <Losungen>
        <Datum>2018-01-0700:00:00</Datum>
        <Wtag>1</Wtag>
        <Sonntag></Sonntag>
        <Losungstext>Denn welche der Geist Gottes treibt, die sind Gottes Kinder. </Losungstext>
        <Losungsvers>Römer 8,14</Losungsvers>
        <Lehrtext/>
        <Lehrtextvers></Lehrtextvers>
    </Losungen>
    <Losungen>
        <Datum>2018-01-1400:00:00</Datum>
        <Wtag>1</Wtag>
        <Sonntag></Sonntag>
        <Losungstext>Denn das Gesetz ist durch Mose gegeben; die Gnade und Wahrheit ist durch Jesus Christus geworden.  </Losungstext>
        <Losungsvers>Johannes 1,17</Losungsvers>
        <Lehrtext/>
        <Lehrtextvers></Lehrtextvers>
    </Losungen>
    <Losungen>
        <Datum>2018-01-2100:00:00</Datum>
        <Wtag>1</Wtag>
        <Sonntag></Sonntag>
        <Losungstext>Denn siehe, Finsternis bedeckt das Erdreich und Dunkel die Völker; aber über dir geht auf der HERR, und seine Herrlichkeit erscheint über dir. </Losungstext>
        <Losungsvers>Jesaja 60,2</Losungsvers>
        <Lehrtext/>
        <Lehrtextvers></Lehrtextvers>
    </Losungen>
    <Losungen>
        <Datum>2018-01-2800:00:00</Datum>
        <Wtag>1</Wtag>
        <Sonntag></Sonntag>
        <Losungstext> Neige dein Ohr, mein Gott, und höre, tu deine Augen auf und sieh an unsere Trümmer und die Stadt, die nach deinem Namen genannt ist. Denn wir liegen vor dir mit unserm Gebet und vertrauen nicht auf unsre Gerechtigkeit, sondern auf deine große Barmherzigkeit.</Losungstext>
        <Losungsvers>Daniel 9,18</Losungsvers>
        <Lehrtext/>
        <Lehrtextvers></Lehrtextvers>
    </Losungen>
    <Losungen>
        <Datum>2018-02-0400:00:00</Datum>
        <Wtag>1</Wtag>
        <Sonntag></Sonntag>
        <Losungstext>Wenn es heißt: »Heute, wenn ihr seine Stimme hören werdet, so verstockt eure Herzen nicht, wie es bei der Verbitterung geschah«</Losungstext>
        <Losungsvers>Hebräer 3,15</Losungsvers>
        <Lehrtext/>
        <Lehrtextvers></Lehrtextvers>
    </Losungen>
    <Losungen>
        <Datum>2018-02-1100:00:00</Datum>
        <Wtag>1</Wtag>
        <Sonntag></Sonntag>
        <Losungstext>Er nahm aber zu sich die Zwölf und sprach zu ihnen: Seht, wir gehen hinauf nach Jerusalem, und es wird alles vollendet werden, was geschrieben ist durch die Propheten von dem Menschensohn.  </Losungstext>
        <Losungsvers>Lukas 18,31</Losungsvers>
        <Lehrtext/>
        <Lehrtextvers></Lehrtextvers>
    </Losungen>
    <Losungen>
        <Datum>2018-02-1800:00:00</Datum>
        <Wtag>1</Wtag>
        <Sonntag></Sonntag>
        <Losungstext>Wer Sünde tut, der ist vom Teufel; denn der Teufel sündigt von Anfang an. Dazu ist erschienen der Sohn Gottes, dass er die Werke des Teufels zerstöre.  </Losungstext>
        <Losungsvers>1.Johannes 3,8</Losungsvers>
        <Lehrtext/>
        <Lehrtextvers></Lehrtextvers>
    </Losungen>
    <Losungen>
        <Datum>2018-02-2500:00:00</Datum>
        <Wtag>1</Wtag>
        <Sonntag></Sonntag>
        <Losungstext>Gott aber erweist seine Liebe zu uns darin, dass Christus für uns gestorben ist, als wir noch Sünder waren.</Losungstext>
        <Losungsvers>Römer 5,8</Losungsvers>
        <Lehrtext/>
        <Lehrtextvers></Lehrtextvers>
    </Losungen>
    <Losungen>
        <Datum>2018-03-0400:00:00</Datum>
        <Wtag>1</Wtag>
        <Sonntag></Sonntag>
        <Losungstext>Jesus aber sprach zu ihm: Wer die Hand an den Pflug legt und sieht zurück, der ist nicht geschickt für das Reich Gottes.  </Losungstext>
        <Losungsvers>Lukas 9,62</Losungsvers>
        <Lehrtext/>
        <Lehrtextvers></Lehrtextvers>
    </Losungen>
    <Losungen>
        <Datum>2018-03-1100:00:00</Datum>
        <Wtag>1</Wtag>
        <Sonntag></Sonntag>
        <Losungstext>Wahrlich, wahrlich, ich sage euch: Wenn das Weizenkorn nicht in die Erde fällt und erstirbt, bleibt es allein; wenn es aber erstirbt, bringt es viel Frucht.  </Losungstext>
        <Losungsvers>Johannes 12,24</Losungsvers>
        <Lehrtext/>
        <Lehrtextvers></Lehrtextvers>
    </Losungen>
    <Losungen>
        <Datum>2018-03-1800:00:00</Datum>
        <Wtag>1</Wtag>
        <Sonntag></Sonntag>
        <Losungstext>so wie der Menschensohn nicht gekommen ist, dass er sich dienen lasse, sondern dass er diene und gebe sein Leben zu einer Erlösung für viele.</Losungstext>
        <Losungsvers>Matthäus 20,28</Losungsvers>
        <Lehrtext/>
        <Lehrtextvers></Lehrtextvers>
    </Losungen>
    <Losungen>
        <Datum>2018-03-2500:00:00</Datum>
        <Wtag>1</Wtag>
        <Sonntag></Sonntag>
        <Losungstext>Und wie Mose in der Wüste die Schlange erhöht hat, so muss der Menschensohn erhöht werden,  auf dass alle, die an ihn glauben, das ewige Leben haben.  </Losungstext>
        <Losungsvers>Johannes 3,14.15</Losungsvers>
        <Lehrtext/>
        <Lehrtextvers></Lehrtextvers>
    </Losungen>
    <Losungen>
        <Datum>2018-04-0100:00:00</Datum>
        <Wtag>1</Wtag>
        <Sonntag></Sonntag>
        <Losungstext>und der Lebendige. Ich war tot, und siehe, ich bin lebendig von Ewigkeit zu Ewigkeit und habe die Schlüssel des Todes und der Hölle.  </Losungstext>
        <Losungsvers>Offenbarung 1,18</Losungsvers>
        <Lehrtext/>
        <Lehrtextvers></Lehrtextvers>
    </Losungen>
    <Losungen>
        <Datum>2018-04-0800:00:00</Datum>
        <Wtag>1</Wtag>
        <Sonntag></Sonntag>
        <Losungstext>Gelobt sei Gott, der Vater unseres Herrn Jesus Christus, der uns nach seiner großen Barmherzigkeit wiedergeboren hat zu einer lebendigen Hoffnung durch die Auferstehung Jesu Christi von den Toten,  </Losungstext>
        <Losungsvers>1.Petrus 1,3</Losungsvers>
        <Lehrtext/>
        <Lehrtextvers></Lehrtextvers>
    </Losungen>
    <Losungen>
        <Datum>2018-04-1500:00:00</Datum>
        <Wtag>1</Wtag>
        <Sonntag></Sonntag>
        <Losungstext>Ich bin der gute Hirte. Der gute Hirte lässt sein Leben für die Schafe.  Meine Schafe hören meine Stimme, und ich kenne sie und sie folgen mir;  und ich gebe ihnen das ewige Leben, und sie werden nimmermehr umkommen, und niemand wird sie aus meiner Hand reißen.  </Losungstext>
        <Losungsvers>Johannes 10,11.27.28</Losungsvers>
        <Lehrtext/>
        <Lehrtextvers></Lehrtextvers>
    </Losungen>
    <Losungen>
        <Datum>2018-04-2200:00:00</Datum>
        <Wtag>1</Wtag>
        <Sonntag></Sonntag>
        <Losungstext>Darum: Ist jemand in Christus, so ist er eine neue Kreatur; das Alte ist vergangen, siehe, Neues ist geworden.  </Losungstext>
        <Losungsvers>2.Korinther 5,17</Losungsvers>
        <Lehrtext/>
        <Lehrtextvers></Lehrtextvers>
    </Losungen>
    <Losungen>
        <Datum>2018-04-2900:00:00</Datum>
        <Wtag>1</Wtag>
        <Sonntag></Sonntag>
        <Losungstext>Ein Psalm. Singet dem HERRN ein neues Lied, denn er tut Wunder. Er schafft Heil mit seiner Rechten und mit seinem heiligen Arm.  </Losungstext>
        <Losungsvers>Psalm 98,1</Losungsvers>
        <Lehrtext/>
        <Lehrtextvers></Lehrtextvers>
    </Losungen>
    <Losungen>
        <Datum>2018-05-0600:00:00</Datum>
        <Wtag>1</Wtag>
        <Sonntag></Sonntag>
        <Losungstext>Gelobt sei Gott, der mein Gebet nicht verwirft noch seine Güte von mir wendet.  </Losungstext>
        <Losungsvers>Psalm 66,20</Losungsvers>
        <Lehrtext/>
        <Lehrtextvers></Lehrtextvers>
    </Losungen>
    <Losungen>
        <Datum>2018-05-1300:00:00</Datum>
        <Wtag>1</Wtag>
        <Sonntag></Sonntag>
        <Losungstext>Und ich, wenn ich erhöht werde von der Erde, so will ich alle zu mir ziehen.  </Losungstext>
        <Losungsvers>Johannes 12,32</Losungsvers>
        <Lehrtext/>
        <Lehrtextvers></Lehrtextvers>
    </Losungen>
    <Losungen>
        <Datum>2018-05-2000:00:00</Datum>
        <Wtag>1</Wtag>
        <Sonntag></Sonntag>
        <Losungstext>Und er antwortete und sprach zu mir: Das ist das Wort des HERRN an Serubbabel: Es soll nicht durch Heer oder Kraft, sondern durch meinen Geist geschehen, spricht der Herr Zebaoth.  </Losungstext>
        <Losungsvers>Sacharja 4,6</Losungsvers>
        <Lehrtext/>
        <Lehrtextvers></Lehrtextvers>
    </Losungen>
    <Losungen>
        <Datum>2018-05-2700:00:00</Datum>
        <Wtag>1</Wtag>
        <Sonntag></Sonntag>
        <Losungstext>Und einer rief zum andern und sprach: Heilig, heilig, heilig ist der Herr Zebaoth, alle Lande sind seiner Ehre voll!  </Losungstext>
        <Losungsvers>Jesaja 6,3</Losungsvers>
        <Lehrtext/>
        <Lehrtextvers></Lehrtextvers>
    </Losungen>
    <Losungen>
        <Datum>2018-06-0300:00:00</Datum>
        <Wtag>1</Wtag>
        <Sonntag></Sonntag>
        <Losungstext>Wer euch hört, der hört mich; und wer euch verachtet, der verachtet mich; wer aber mich verachtet, der verachtet den, der mich gesandt hat.  </Losungstext>
        <Losungsvers>Lukas 10,16</Losungsvers>
        <Lehrtext/>
        <Lehrtextvers></Lehrtextvers>
    </Losungen>
    <Losungen>
        <Datum>2018-06-1000:00:00</Datum>
        <Wtag>1</Wtag>
        <Sonntag></Sonntag>
        <Losungstext>Kommt her zu mir, alle, die ihr mühselig und beladen seid; ich will euch erquicken.</Losungstext>
        <Losungsvers>Matthäus 11,28</Losungsvers>
        <Lehrtext/>
        <Lehrtextvers></Lehrtextvers>
    </Losungen>
    <Losungen>
        <Datum>2018-06-1700:00:00</Datum>
        <Wtag>1</Wtag>
        <Sonntag></Sonntag>
        <Losungstext>Denn der Menschensohn ist gekommen, zu suchen und selig zu machen, was verloren ist.  </Losungstext>
        <Losungsvers>Lukas 19,10</Losungsvers>
        <Lehrtext/>
        <Lehrtextvers></Lehrtextvers>
    </Losungen>
    <Losungen>
        <Datum>2018-06-2400:00:00</Datum>
        <Wtag>1</Wtag>
        <Sonntag></Sonntag>
        <Losungstext>Einer trage des andern Last, so werdet ihr das Gesetz Christi erfüllen.  </Losungstext>
        <Losungsvers>Galater 6,2</Losungsvers>
        <Lehrtext/>
        <Lehrtextvers></Lehrtextvers>
    </Losungen>
    <Losungen>
        <Datum>2018-07-0100:00:00</Datum>
        <Wtag>1</Wtag>
        <Sonntag></Sonntag>
        <Losungstext>Denn aus Gnade seid ihr gerettet durch Glauben, und das nicht aus euch: Gottes Gabe ist es,  </Losungstext>
        <Losungsvers>Epheser 2,8</Losungsvers>
        <Lehrtext/>
        <Lehrtextvers></Lehrtextvers>
    </Losungen>
    <Losungen>
        <Datum>2018-07-0800:00:00</Datum>
        <Wtag>1</Wtag>
        <Sonntag></Sonntag>
        <Losungstext>Dies ist die Last für Babel, die Jesaja, der Sohn des Amoz, geschaut hat:  </Losungstext>
        <Losungsvers>Jesaja 13,1</Losungsvers>
        <Lehrtext/>
        <Lehrtextvers></Lehrtextvers>
    </Losungen>
    <Losungen>
        <Datum>2018-07-1500:00:00</Datum>
        <Wtag>1</Wtag>
        <Sonntag></Sonntag>
        <Losungstext>So seid ihr nun nicht mehr Gäste und Fremdlinge, sondern Mitbürger der Heiligen und Gottes Hausgenossen,  </Losungstext>
        <Losungsvers>Epheser 2,19</Losungsvers>
        <Lehrtext/>
        <Lehrtextvers></Lehrtextvers>
    </Losungen>
    <Losungen>
        <Datum>2018-07-2200:00:00</Datum>
        <Wtag>1</Wtag>
        <Sonntag></Sonntag>
        <Losungstext>Denn ihr wart früher Finsternis; nun aber seid ihr Licht in dem Herrn. Wandelt als Kinder des Lichts;  die Frucht des Lichts ist lauter Güte und Gerechtigkeit und Wahrheit.  </Losungstext>
        <Losungsvers>Epheser 5,8.9</Losungsvers>
        <Lehrtext/>
        <Lehrtextvers></Lehrtextvers>
    </Losungen>
    <Losungen>
        <Datum>2018-07-2900:00:00</Datum>
        <Wtag>1</Wtag>
        <Sonntag></Sonntag>
        <Losungstext>Wer ihn aber nicht kennt und getan hat, was Schläge verdient, wird wenig Schläge erleiden. Wem viel gegeben ist, bei dem wird man viel suchen; und wem viel anvertraut ist, von dem wird man umso mehr fordern.  </Losungstext>
        <Losungsvers>Lukas 12,48</Losungsvers>
        <Lehrtext/>
        <Lehrtextvers></Lehrtextvers>
    </Losungen>
    <Losungen>
        <Datum>2018-08-0500:00:00</Datum>
        <Wtag>1</Wtag>
        <Sonntag></Sonntag>
        <Losungstext>Wohl dem Volk, dessen Gott der HERR ist, dem Volk, das er zum Erbe erwählt hat!  </Losungstext>
        <Losungsvers>Psalm 33,12</Losungsvers>
        <Lehrtext/>
        <Lehrtextvers></Lehrtextvers>
    </Losungen>
    <Losungen>
        <Datum>2018-08-1200:00:00</Datum>
        <Wtag>1</Wtag>
        <Sonntag></Sonntag>
        <Losungstext>Desgleichen ihr Jüngeren, ordnet euch den Ältesten unter. Alle aber miteinander bekleidet euch mit Demut; denn Gott widersteht den Hochmütigen, aber den Demütigen gibt er Gnade.  </Losungstext>
        <Losungsvers>1.Petrus 5,5</Losungsvers>
        <Lehrtext/>
        <Lehrtextvers></Lehrtextvers>
    </Losungen>
    <Losungen>
        <Datum>2018-08-1900:00:00</Datum>
        <Wtag>1</Wtag>
        <Sonntag></Sonntag>
        <Losungstext>Das geknickte Rohr wird er nicht zerbrechen, und den glimmenden Docht wird er nicht auslöschen. In Treue trägt er das Recht hinaus.  </Losungstext>
        <Losungsvers>Jesaja 42,3</Losungsvers>
        <Lehrtext/>
        <Lehrtextvers></Lehrtextvers>
    </Losungen>
    <Losungen>
        <Datum>2018-08-2600:00:00</Datum>
        <Wtag>1</Wtag>
        <Sonntag></Sonntag>
        <Losungstext>Und der König wird antworten und zu ihnen sagen: Wahrlich, ich sage euch: Was ihr getan habt einem von diesen meinen geringsten Brüdern, das habt ihr mir getan.</Losungstext>
        <Losungsvers>Matthäus 25,40</Losungsvers>
        <Lehrtext/>
        <Lehrtextvers></Lehrtextvers>
    </Losungen>
    <Losungen>
        <Datum>2018-09-0200:00:00</Datum>
        <Wtag>1</Wtag>
        <Sonntag></Sonntag>
        <Losungstext>Lobe den Herrn, meine Seele, und vergiss nicht, was er dir Gutes getan hat:  </Losungstext>
        <Losungsvers>Psalm 103,2</Losungsvers>
        <Lehrtext/>
        <Lehrtextvers></Lehrtextvers>
    </Losungen>
    <Losungen>
        <Datum>2018-09-0900:00:00</Datum>
        <Wtag>1</Wtag>
        <Sonntag></Sonntag>
        <Losungstext>Alle eure Sorge werft auf ihn; denn er sorgt für euch.  </Losungstext>
        <Losungsvers>1.Petrus 5,7</Losungsvers>
        <Lehrtext/>
        <Lehrtextvers></Lehrtextvers>
    </Losungen>
    <Losungen>
        <Datum>2018-09-1600:00:00</Datum>
        <Wtag>1</Wtag>
        <Sonntag></Sonntag>
        <Losungstext>Aller Augen warten auf dich, und du gibst ihnen ihre Speise zur rechten Zeit.  </Losungstext>
        <Losungsvers>Psalm 145,15</Losungsvers>
        <Lehrtext/>
        <Lehrtextvers></Lehrtextvers>
    </Losungen>
    <Losungen>
        <Datum>2018-09-2300:00:00</Datum>
        <Wtag>1</Wtag>
        <Sonntag></Sonntag>
        <Losungstext>Denn alles, was aus Gott geboren ist, überwindet die Welt; und unser Glaube ist der Sieg, der die Welt überwunden hat.  </Losungstext>
        <Losungsvers>1.Johannes 5,4</Losungsvers>
        <Lehrtext/>
        <Lehrtextvers></Lehrtextvers>
    </Losungen>
    <Losungen>
        <Datum>2018-09-3000:00:00</Datum>
        <Wtag>1</Wtag>
        <Sonntag></Sonntag>
        <Losungstext>Und dies Gebot haben wir von ihm, dass, wer Gott liebt, dass der auch seinen Bruder liebe.  </Losungstext>
        <Losungsvers>1.Johannes 4,21</Losungsvers>
        <Lehrtext/>
        <Lehrtextvers></Lehrtextvers>
    </Losungen>
    <Losungen>
        <Datum>2018-10-0700:00:00</Datum>
        <Wtag>1</Wtag>
        <Sonntag></Sonntag>
        <Losungstext>Heile du mich, Herr, so werde ich heil; hilf du mir, so ist mir geholfen; denn du bist mein Ruhm.  </Losungstext>
        <Losungsvers>Jeremia 17,14</Losungsvers>
        <Lehrtext/>
        <Lehrtextvers></Lehrtextvers>
    </Losungen>
    <Losungen>
        <Datum>2018-10-1400:00:00</Datum>
        <Wtag>1</Wtag>
        <Sonntag></Sonntag>
        <Losungstext>Es ist dir gesagt, Mensch, was gut ist und was der Herr von dir fordert: nichts als Gottes Wort halten und Liebe üben und demütig sein vor deinem Gott.  </Losungstext>
        <Losungsvers>Micha 6,8</Losungsvers>
        <Lehrtext/>
        <Lehrtextvers></Lehrtextvers>
    </Losungen>
    <Losungen>
        <Datum>2018-10-2100:00:00</Datum>
        <Wtag>1</Wtag>
        <Sonntag></Sonntag>
        <Losungstext>Lass dich nicht vom Bösen überwinden, sondern überwinde das Böse mit Gutem. </Losungstext>
        <Losungsvers>Römer 12,21</Losungsvers>
        <Lehrtext/>
        <Lehrtextvers></Lehrtextvers>
    </Losungen>
    <Losungen>
        <Datum>2018-10-2800:00:00</Datum>
        <Wtag>1</Wtag>
        <Sonntag></Sonntag>
        <Losungstext>Denn bei dir ist die Vergebung, dass man dich fürchte.</Losungstext>
        <Losungsvers>Psalm 130,4</Losungsvers>
        <Lehrtext/>
        <Lehrtextvers></Lehrtextvers>
    </Losungen>
    <Losungen>
        <Datum>2018-11-0400:00:00</Datum>
        <Wtag>1</Wtag>
        <Sonntag></Sonntag>
        <Losungstext>welche uns zeigen wird zu seiner Zeit der Selige und allein Gewaltige, der König aller Könige und Herr aller Herren, der allein Unsterblichkeit hat, der da wohnt in einem Licht, zu dem niemand kommen kann, den kein Mensch gesehen hat noch sehen kann. Dem sei Ehre und ewige Macht! Amen.</Losungstext>
        <Losungsvers>1. Timotheus 6,15.16</Losungsvers>
        <Lehrtext/>
        <Lehrtextvers></Lehrtextvers>
    </Losungen>
    <Losungen>
        <Datum>2018-11-1100:00:00</Datum>
        <Wtag>1</Wtag>
        <Sonntag></Sonntag>
        <Losungstext>Denn er spricht (Jesaja 49,8): »Ich habe dich zur willkommenen Zeit erhört und habe dir am Tage des Heils geholfen.« Siehe, jetzt ist die willkommene Zeit, siehe, jetzt ist der Tag des Heils!  </Losungstext>
        <Losungsvers>2.Korinther 6,2</Losungsvers>
        <Lehrtext/>
        <Lehrtextvers></Lehrtextvers>
    </Losungen>
    <Losungen>
        <Datum>2018-11-1800:00:00</Datum>
        <Wtag>1</Wtag>
        <Sonntag></Sonntag>
        <Losungstext>Denn wir müssen alle offenbar werden vor dem Richterstuhl Christi, auf dass ein jeder empfange nach dem, was er getan hat im Leib, es sei gut oder böse.  </Losungstext>
        <Losungsvers>2.Korinther 5,10</Losungsvers>
        <Lehrtext/>
        <Lehrtextvers></Lehrtextvers>
    </Losungen>
    <Losungen>
        <Datum>2018-11-2500:00:00</Datum>
        <Wtag>1</Wtag>
        <Sonntag></Sonntag>
        <Losungstext>Lasst eure Lenden umgürtet sein und eure Lichter brennen  </Losungstext>
        <Losungsvers>Lukas 12,35</Losungsvers>
        <Lehrtext/>
        <Lehrtextvers></Lehrtextvers>
    </Losungen>
    <Losungen>
        <Datum>2018-12-0200:00:00</Datum>
        <Wtag>1</Wtag>
        <Sonntag></Sonntag>
        <Losungstext>Du, Tochter Zion, freue dich sehr, und du, Tochter Jerusalem, jauchze! Siehe, dein König kommt zu dir, ein Gerechter und ein Helfer, arm und reitet auf einem Esel, auf einem Füllen der Eselin.  </Losungstext>
        <Losungsvers>Sacharja 9,9</Losungsvers>
        <Lehrtext/>
        <Lehrtextvers></Lehrtextvers>
    </Losungen>
    <Losungen>
        <Datum>2018-12-0900:00:00</Datum>
        <Wtag>1</Wtag>
        <Sonntag></Sonntag>
        <Losungstext>Wenn aber dieses anfängt zu geschehen, dann seht auf und erhebt eure Häupter, weil sich eure Erlösung naht.  </Losungstext>
        <Losungsvers>Lukas 21,28</Losungsvers>
        <Lehrtext/>
        <Lehrtextvers></Lehrtextvers>
    </Losungen>
    <Losungen>
        <Datum>2018-12-1600:00:00</Datum>
        <Wtag>1</Wtag>
        <Sonntag></Sonntag>
        <Losungstext>Es ruft eine Stimme: In der Wüste bereitet dem HERRN den Weg, macht in der Steppe eine ebene Bahn unserm Gott!  siehe, da ist Gott der HERR! Er kommt gewaltig, und sein Arm wird herrschen. Siehe, was er gewann, ist bei ihm, und was er sich erwarb, geht vor ihm her.  </Losungstext>
        <Losungsvers>Jesaja 40,3.10</Losungsvers>
        <Lehrtext/>
        <Lehrtextvers></Lehrtextvers>
    </Losungen>
    <Losungen>
        <Datum>2018-12-2300:00:00</Datum>
        <Wtag>1</Wtag>
        <Sonntag></Sonntag>
        <Losungstext>Freuet euch in dem Herrn allewege, und abermals sage ich: Freuet euch!  Eure Güte lasst kund sein allen Menschen! Der Herr ist nahe!  </Losungstext>
        <Losungsvers>Philipper 4,4-5</Losungsvers>
        <Lehrtext/>
        <Lehrtextvers></Lehrtextvers>
    </Losungen>
    <Losungen>
        <Datum>2018-12-3000:00:00</Datum>
        <Wtag>1</Wtag>
        <Sonntag></Sonntag>
        <Losungstext>Und das Wort ward Fleisch und wohnte unter uns, und wir sahen seine Herrlichkeit, eine Herrlichkeit als des eingeborenen Sohnes vom Vater, voller Gnade und Wahrheit.</Losungstext>
        <Losungsvers>Johannes 1,14</Losungsvers>
        <Lehrtext/>
        <Lehrtextvers></Lehrtextvers>
    </Losungen>
</FreeXml>