<?xml version="1.0" encoding="UTF-8"?><FreeXml><Losungen><Datum>2019-01-0100:00:00</Datum><Wtag>2</Wtag><Sonntag>Neujahr</Sonntag><Losungstext>I have set my bow in the cloud, and it shall be a sign of the covenant between me and the earth. </Losungstext><Losungsvers>Genesis 9,13</Losungsvers><Lehrtext/><Lehrtextvers> </Lehrtextvers></Losungen><Losungen><Datum>2019-02-0100:00:00</Datum><Wtag>5</Wtag><Sonntag>Neujahr</Sonntag><Losungstext>For I consider that the sufferings of this present time are not worth comparing with the glory that is to be revealed to us. </Losungstext><Losungsvers>Romans 8,18</Losungsvers><Lehrtext/><Lehrtextvers> </Lehrtextvers></Losungen><Losungen><Datum>2019-03-0100:00:00</Datum><Wtag>5</Wtag><Sonntag>Neujahr</Sonntag><Losungstext>And Samuel said to all the house of Israel, “If you are returning to the Lord with all your heart, then put away the foreign gods and the Ashtaroth from among you and direct your heart to the Lord and serve him only, and he will deliver you out of the hand of the Philistines.” </Losungstext><Losungsvers>1 Samuel 7,3</Losungsvers><Lehrtext/><Lehrtextvers> </Lehrtextvers></Losungen><Losungen><Datum>2019-04-0100:00:00</Datum><Wtag>1</Wtag><Sonntag>Neujahr</Sonntag><Losungstext>teaching them to observe all that I have commanded you. And behold, I am with you always, to the end of the age.” </Losungstext><Losungsvers>Matthew 28,20</Losungsvers><Lehrtext/><Lehrtextvers> </Lehrtextvers></Losungen><Losungen><Datum>2019-05-0100:00:00</Datum><Wtag>3</Wtag><Sonntag>Neujahr</Sonntag><Losungstext>Therefore you are great, O Lord God. For there is none like you, and there is no God besides you, according to all that we have heard with our ears. </Losungstext><Losungsvers>2 Samuel 7,22</Losungsvers><Lehrtext/><Lehrtextvers> </Lehrtextvers></Losungen><Losungen><Datum>2019-06-0100:00:00</Datum><Wtag>6</Wtag><Sonntag>Neujahr</Sonntag><Losungstext>Gracious words are like a honeycomb, sweetness to the soul and health to the body. </Losungstext><Losungsvers>Proverbs 16,24</Losungsvers><Lehrtext/><Lehrtextvers> </Lehrtextvers></Losungen><Losungen><Datum>2019-07-0100:00:00</Datum><Wtag>1</Wtag><Sonntag>Neujahr</Sonntag><Losungstext>Know this, my beloved brothers: let every person be quick to hear, slow to speak, slow to anger; </Losungstext><Losungsvers>James 1,19</Losungsvers><Lehrtext/><Lehrtextvers> </Lehrtextvers></Losungen><Losungen><Datum>2019-08-0100:00:00</Datum><Wtag>4</Wtag><Sonntag>Neujahr</Sonntag><Losungstext>And proclaim as you go, saying, ‘The kingdom of heaven is at hand.’ </Losungstext><Losungsvers>Matthew 10,7</Losungsvers><Lehrtext/><Lehrtextvers> </Lehrtextvers></Losungen><Losungen><Datum>2019-09-0100:00:00</Datum><Wtag>7</Wtag><Sonntag>Neujahr</Sonntag><Losungstext>For what will it profit a man if he gains the whole world and forfeits his soul? Or what shall a man give in return for his soul? </Losungstext><Losungsvers>Matthew 16,26</Losungsvers><Lehrtext/><Lehrtextvers> </Lehrtextvers></Losungen><Losungen><Datum>2019-10-0100:00:00</Datum><Wtag>2</Wtag><Sonntag>Neujahr</Sonntag><Losungstext/><Losungsvers>---</Losungsvers><Lehrtext/><Lehrtextvers> </Lehrtextvers></Losungen><Losungen><Datum>2019-11-0100:00:00</Datum><Wtag>5</Wtag><Sonntag>Neujahr</Sonntag><Losungstext>For I know that my Redeemer lives, and at the last he will stand upon the earth. </Losungstext><Losungsvers>Job 19,25</Losungsvers><Lehrtext/><Lehrtextvers> </Lehrtextvers></Losungen><Losungen><Datum>2019-12-0100:00:00</Datum><Wtag>7</Wtag><Sonntag>Neujahr</Sonntag><Losungstext>Who among you fears the Lord and obeys the voice of his servant? Let him who walks in darkness and has no light trust in the name of the Lord and rely on his God. </Losungstext><Losungsvers>Isaiah 50,10</Losungsvers><Lehrtext/><Lehrtextvers> </Lehrtextvers></Losungen></FreeXml>
