<?xml version="1.0" standalone="yes"?>
<FreeXml xmlns:xsi="http://www.w3.org/2001/XMLSchema-instance" xsi:noNamespaceSchemaLocation="http://www.brueder-unitaet.de/losung/losungen.xsd">
  <Losungen>
    <Datum>2018-01-01T00:00:00</Datum>
    <Losungstext>Gott ist treu.</Losungstext>
    <Losungsvers>1. Korinther 1,9</Losungsvers>
  </Losungen>
  <Losungen>
    <Datum>2018-02-01T00:00:00</Datum>
    <Losungstext>Ihr seid teuer erkauft; werdet nicht der Menschen Knechte.</Losungstext>
    <Losungsvers>1. Korinther 7,23</Losungsvers>
  </Losungen>
  <Losungen>
    <Datum>2018-03-01T00:00:00</Datum>
    <Losungstext>Jesus Christus spricht: Wachet!</Losungstext>
    <Losungsvers>Markus 13,37</Losungsvers>
  </Losungen>
  <Losungen>
    <Datum>2018-04-01T00:00:00</Datum>
    <Losungstext>Es wird gesät verweslich und wird auferstehen unverweslich.</Losungstext>
    <Losungsvers>1. Korinther 15,42 </Losungsvers>
  </Losungen>
  <Losungen>
    <Datum>2018-05-01T00:00:00</Datum>
    <Losungstext>Dient einander als gute Verwalter der vielfältigen Gnade Gottes, jeder mit der Gabe, die er empfangen hat!</Losungstext>
    <Losungsvers>1. Petrus 4,10 </Losungsvers>
  </Losungen>
  <Losungen>
    <Datum>2018-06-01T00:00:00</Datum>
    <Losungstext>Du allein kennst das Herz aller Menschenkinder.</Losungstext>
    <Losungsvers>1. Könige 8,39 </Losungsvers>
  </Losungen>
  <Losungen>
    <Datum>2018-07-01T00:00:00</Datum>
    <Losungstext>Der Engel des HERRN rührte Elia an und sprach: Steh auf und iss! Denn du hast einen weiten Weg vor dir.</Losungstext>
    <Losungsvers>1. Könige 19,7 </Losungsvers>
  </Losungen>
  <Losungen>
    <Datum>2018-08-01T00:00:00</Datum>
    <Losungstext>Ich danke dir dafür, dass ich wunderbar gemacht bin; wunderbar sind deine Werke; das erkennt meine Seele.</Losungstext>
    <Losungsvers>Psalm 139,14 </Losungsvers>
  </Losungen>
  <Losungen>
    <Datum>2018-09-01T00:00:00</Datum>
    <Losungstext>Ja, Gott war es, der in Christus die Welt mit sich versöhnt hat.</Losungstext>
    <Losungsvers>2. Korinther 5,19 </Losungsvers>
  </Losungen>
  <Losungen>
    <Datum>2018-10-01T00:00:00</Datum>
    <Losungstext>Suchet der Stadt Bestes und betet für sie zum HERRN; denn wenn’s ihr wohlgeht, so geht’s euch auch wohl.</Losungstext>
    <Losungsvers>Jeremia 29,7</Losungsvers>
  </Losungen>
  <Losungen>
    <Datum>2018-11-01T00:00:00</Datum>
    <Losungstext>Gott spricht: Sie werden weinend kommen, aber ich will sie trösten und leiten.</Losungstext>
    <Losungsvers>Jeremia 31,9 </Losungsvers>
  </Losungen>
  <Losungen>
    <Datum>2018-12-01T00:00:00</Datum>
    <Losungstext>Brich dem Hungrigen dein Brot, und die im Elend ohne Obdach sind, führe ins Haus! Wenn du einen nackt siehst, so kleide ihn, und entzieh dich nicht deinem Fleisch und Blut!</Losungstext>
    <Losungsvers>Jesaja 58,7</Losungsvers>
  </Losungen>
</FreeXml>
