<?xml version="1.0" standalone="yes"?>
<FreeXml xmlns:xsi="http://www.w3.org/2001/XMLSchema-instance" xsi:noNamespaceSchemaLocation="http://www.brueder-unitaet.de/losung/losungen.xsd">
  <Losungen>
    <Datum>2018-01-01T00:00:00</Datum>
    <Wtag>Freitag</Wtag>
    <Sonntag>Neujahr</Sonntag>
    <Losungstext>Der siebte Tag ist ein Ruhetag, dem Herrn, deinem Gott, geweiht. An ihm darfst du keine Arbeit tun: du und dein Sohn und deine Tochter und dein Sklave und deine Sklavin und dein Rind und dein Esel und dein ganzes Vieh und dein Fremder in deinen Toren.</Losungstext>
    <Losungsvers>5. Mose 5,14</Losungsvers>
    <Lehrtext> </Lehrtext>
    <Lehrtextvers> </Lehrtextvers>
  </Losungen>
	<Losungen>
    <Datum>2018-02-01T00:00:00</Datum>
    <Wtag>Freitag</Wtag>
    <Sonntag>Neujahr</Sonntag>
    <Losungstext>Es ist das Wort ganz nahe bei dir, in deinem Munde und in deinem Herzen, dass du es tust</Losungstext>
    <Losungsvers>5. Mose 30,14</Losungsvers>
    <Lehrtext> </Lehrtext>
    <Lehrtextvers> </Lehrtextvers>
  </Losungen>
	<Losungen>
    <Datum>2018-03-01T00:00:00</Datum>
    <Wtag>Freitag</Wtag>
    <Sonntag>Neujahr</Sonntag>
    <Losungstext>Jesus Christus spricht: Es ist vollbracht!</Losungstext>
    <Losungsvers>Johannes 19,30</Losungsvers>
    <Lehrtext> </Lehrtext>
    <Lehrtextvers> </Lehrtextvers>
  </Losungen>
	<Losungen>
    <Datum>2018-04-01T00:00:00</Datum>
    <Wtag>Freitag</Wtag>
    <Sonntag>Neujahr</Sonntag>
    <Losungstext>Jesus Christus spricht: Friede sei mit euch! Wie mich der Vater gesandt hat, so sende ich euch.</Losungstext>
    <Losungsvers>Johannes 20,21</Losungsvers>
    <Lehrtext> </Lehrtext>
    <Lehrtextvers> </Lehrtextvers>
  </Losungen>
	<Losungen>
    <Datum>2018-05-01T00:00:00</Datum>
    <Wtag>Freitag</Wtag>
    <Sonntag>Neujahr</Sonntag>
    <Losungstext>Es ist aber der Glaube eine feste Zuversicht dessen, was man hofft, und ein Nichtzweifeln an dem, was man nicht sieht</Losungstext>
    <Losungsvers>Hebräer 11,1</Losungsvers>
    <Lehrtext> </Lehrtext>
    <Lehrtextvers> </Lehrtextvers>
  </Losungen>
	<Losungen>
    <Datum>2018-06-01T00:00:00</Datum>
    <Wtag>Freitag</Wtag>
    <Sonntag>Neujahr</Sonntag>
    <Losungstext>Vergesst die Gastfreundschaft nicht; denn durch sie haben einige, ohne es zu ahnen, Engel beherbergt</Losungstext>
    <Losungsvers>Hebräer 13,2</Losungsvers>
    <Lehrtext> </Lehrtext>
    <Lehrtextvers> </Lehrtextvers>
  </Losungen>
	<Losungen>
    <Datum>2018-07-01T00:00:00</Datum>
    <Wtag>Freitag</Wtag>
    <Sonntag>Neujahr</Sonntag>
    <Losungstext>Säet Gerechtigkeit und erntet nach dem Maße der Liebe! Pflüget ein Neues, solange es Zeit ist, den HERRN zu suchen, bis er kommt und Gerechtigkeit über euch regnen lässt!</Losungstext>
    <Losungsvers>Hosea 10,12</Losungsvers>
    <Lehrtext> </Lehrtext>
    <Lehrtextvers> </Lehrtextvers>
  </Losungen>
	<Losungen>
    <Datum>2018-08-01T00:00:00</Datum>
    <Wtag>Freitag</Wtag>
    <Sonntag>Neujahr</Sonntag>
    <Losungstext>Gott ist Liebe, und wer in der Liebe bleibt, bleibt in Gott und Gott bleibt in ihm.</Losungstext>
    <Losungsvers>1. Johannes 4,16</Losungsvers>
    <Lehrtext> </Lehrtext>
    <Lehrtextvers> </Lehrtextvers>
  </Losungen>
	<Losungen>
    <Datum>2018-09-01T00:00:00</Datum>
    <Wtag>Freitag</Wtag>
    <Sonntag>Neujahr</Sonntag>
    <Losungstext>Gott hat alles schön gemacht zu seiner Zeit, auch hat er die Ewigkeit in ihr Herz gelegt; nur dass der Mensch nicht ergründen kann das Werk, das Gott tut, weder Anfang noch Ende</Losungstext>
    <Losungsvers>Prediger 3,11</Losungsvers>
    <Lehrtext> </Lehrtext>
    <Lehrtextvers> </Lehrtextvers>
  </Losungen>
	<Losungen>
    <Datum>2018-10-01T00:00:00</Datum>
    <Wtag>Freitag</Wtag>
    <Sonntag>Neujahr</Sonntag>
    <Losungstext>Herr, all mein Sehnen liegt offen vor dir, mein Seufzen war dir nicht verborgen.</Losungstext>
    <Losungsvers>Psalm 38,10</Losungsvers>
    <Lehrtext> </Lehrtext>
    <Lehrtextvers> </Lehrtextvers>
  </Losungen>
	<Losungen>
    <Datum>2018-11-01T00:00:00</Datum>
    <Wtag>Freitag</Wtag>
    <Sonntag>Neujahr</Sonntag>
    <Losungstext>Und ich sah die heilige Stadt, das neue Jerusalem, von Gott aus dem Himmel herabkommen, bereitet wie eine geschmückte Braut für ihren Mann.</Losungstext>
    <Losungsvers>Offenbarung 21,2</Losungsvers>
    <Lehrtext> </Lehrtext>
    <Lehrtextvers> </Lehrtextvers>
  </Losungen>
	<Losungen>
    <Datum>2018-12-01T00:00:00</Datum>
    <Wtag>Freitag</Wtag>
    <Sonntag>Neujahr</Sonntag>
    <Losungstext>Da sie den Stern sahen, wurden sie hocherfreut</Losungstext>
    <Losungsvers>Matthäus 2,10</Losungsvers>
    <Lehrtext> </Lehrtext>
    <Lehrtextvers> </Lehrtextvers>
  </Losungen>
</FreeXml>