<?xml version="1.0" encoding="UTF-8"?>
<FreeXml>
    <Losungen>
        <Datum>2018-01-0100:00:00</Datum>
        <Wtag>2</Wtag>
        <Sonntag>Neujahr</Sonntag>
        <Losungstext>but the seventh day is a Sabbath to the Lord your God. On it you shall not do any work, you or your son or your daughter or your male servant or your female servant, or your ox or your donkey or any of your livestock, or the sojourner who is within your gates, that your male servant and your female servant may rest as well as you.</Losungstext>
        <Losungsvers>5. Mose 5,14</Losungsvers>
        <Lehrtext/>
        <Lehrtextvers></Lehrtextvers>
    </Losungen>
    <Losungen>
        <Datum>2018-02-0100:00:00</Datum>
        <Wtag>5</Wtag>
        <Sonntag>Neujahr</Sonntag>
        <Losungstext>But the word is very near you. It is in your mouth and in your heart, so that you can do it.</Losungstext>
        <Losungsvers>5. Mose 30,14</Losungsvers>
        <Lehrtext/>
        <Lehrtextvers></Lehrtextvers>
    </Losungen>
    <Losungen>
        <Datum>2018-03-0100:00:00</Datum>
        <Wtag>5</Wtag>
        <Sonntag>Neujahr</Sonntag>
        <Losungstext>When Jesus had received the sour wine, he said, “It is finished,” and he bowed his head and gave up his spirit. </Losungstext>
        <Losungsvers>John 19,30</Losungsvers>
        <Lehrtext/>
        <Lehrtextvers></Lehrtextvers>
    </Losungen>
    <Losungen>
        <Datum>2018-04-0100:00:00</Datum>
        <Wtag>1</Wtag>
        <Sonntag>Neujahr</Sonntag>
        <Losungstext>Jesus said to them again, “Peace be with you. As the Father has sent me, even so I am sending you.” </Losungstext>
        <Losungsvers>John 20,21</Losungsvers>
        <Lehrtext/>
        <Lehrtextvers></Lehrtextvers>
    </Losungen>
    <Losungen>
        <Datum>2018-05-0100:00:00</Datum>
        <Wtag>3</Wtag>
        <Sonntag>Neujahr</Sonntag>
        <Losungstext>Now faith is the assurance of things hoped for, the conviction of things not seen. </Losungstext>
        <Losungsvers>Hebrews 11,1</Losungsvers>
        <Lehrtext/>
        <Lehrtextvers></Lehrtextvers>
    </Losungen>
    <Losungen>
        <Datum>2018-06-0100:00:00</Datum>
        <Wtag>6</Wtag>
        <Sonntag>Neujahr</Sonntag>
        <Losungstext>Do not neglect to show hospitality to strangers, for thereby some have entertained angels unawares. </Losungstext>
        <Losungsvers>Hebrews 13,2</Losungsvers>
        <Lehrtext/>
        <Lehrtextvers></Lehrtextvers>
    </Losungen>
    <Losungen>
        <Datum>2018-07-0100:00:00</Datum>
        <Wtag>1</Wtag>
        <Sonntag>Neujahr</Sonntag>
        <Losungstext>Sow for yourselves righteousness; reap steadfast love; break up your fallow ground, for it is the time to seek the Lord, that he may come and rain righteousness upon you. </Losungstext>
        <Losungsvers>Hosea 10,12</Losungsvers>
        <Lehrtext/>
        <Lehrtextvers></Lehrtextvers>
    </Losungen>
    <Losungen>
        <Datum>2018-08-0100:00:00</Datum>
        <Wtag>4</Wtag>
        <Sonntag>Neujahr</Sonntag>
        <Losungstext>So we have come to know and to believe the love that God has for us. God is love, and whoever abides in love abides in God, and God abides in him. </Losungstext>
        <Losungsvers>1. John 4,16</Losungsvers>
        <Lehrtext/>
        <Lehrtextvers></Lehrtextvers>
    </Losungen>
    <Losungen>
        <Datum>2018-09-0100:00:00</Datum>
        <Wtag>7</Wtag>
        <Sonntag>Neujahr</Sonntag>
        <Losungstext>He has made everything beautiful in its time. Also, he has put eternity into man’s heart, yet so that he cannot find out what God has done from the beginning to the end. </Losungstext>
        <Losungsvers>Ecclesiastes 3,11</Losungsvers>
        <Lehrtext/>
        <Lehrtextvers></Lehrtextvers>
    </Losungen>
    <Losungen>
        <Datum>2018-10-0100:00:00</Datum>
        <Wtag>2</Wtag>
        <Sonntag>Neujahr</Sonntag>
        <Losungstext>My heart throbs; my strength fails me, and the light of my eyes—it also has gone from me. </Losungstext>
        <Losungsvers>Psalm 38,10</Losungsvers>
        <Lehrtext/>
        <Lehrtextvers></Lehrtextvers>
    </Losungen>
    <Losungen>
        <Datum>2018-11-0100:00:00</Datum>
        <Wtag>5</Wtag>
        <Sonntag>Neujahr</Sonntag>
        <Losungstext>And I saw the holy city, new Jerusalem, coming down out of heaven from God, prepared as a bride adorned for her husband. </Losungstext>
        <Losungsvers>Revelation 21,2</Losungsvers>
        <Lehrtext/>
        <Lehrtextvers></Lehrtextvers>
    </Losungen>
    <Losungen>
        <Datum>2018-12-0100:00:00</Datum>
        <Wtag>7</Wtag>
        <Sonntag>Neujahr</Sonntag>
        <Losungstext>When they saw the star, they rejoiced exceedingly with great joy.  </Losungstext>
        <Losungsvers>Matthew 2,10</Losungsvers>
        <Lehrtext/>
        <Lehrtextvers></Lehrtextvers>
    </Losungen>
</FreeXml>