<?xml version="1.0" encoding="UTF-8"?>
<FreeXml>
    <Losungen>
        <Datum>2019-01-0100:00:00</Datum>
        <Wtag>2</Wtag>
        <Sonntag>Neujahr</Sonntag>
        <Losungstext>Meinen Bogen habe ich gesetzt in die Wolken; der soll das Zeichen sein des Bundes zwischen mir und der Erde.  </Losungstext>
        <Losungsvers>1. Mose 9,13</Losungsvers>
        <Lehrtext/>
        <Lehrtextvers></Lehrtextvers>
    </Losungen>
    <Losungen>
        <Datum>2019-02-0100:00:00</Datum>
        <Wtag>5</Wtag>
        <Sonntag>Neujahr</Sonntag>
        <Losungstext>Denn ich bin überzeugt, dass dieser Zeit Leiden nicht ins Gewicht fallen gegenüber der Herrlichkeit, die an uns offenbart werden soll. </Losungstext>
        <Losungsvers>Römer 8,18</Losungsvers>
        <Lehrtext/>
        <Lehrtextvers></Lehrtextvers>
    </Losungen>
    <Losungen>
        <Datum>2019-03-0100:00:00</Datum>
        <Wtag>5</Wtag>
        <Sonntag>Neujahr</Sonntag>
        <Losungstext>Samuel aber sprach zum ganzen Hause Israel: Wenn ihr euch von ganzem Herzen zu dem HERRN bekehren wollt, so tut von euch die fremden Götter und die Astarten und richtet euer Herz zu dem HERRN und dient ihm allein, so wird er euch erretten aus der Hand der Philister.  </Losungstext>
        <Losungsvers>1. Samuel 7,3</Losungsvers>
        <Lehrtext/>
        <Lehrtextvers></Lehrtextvers>
    </Losungen>
    <Losungen>
        <Datum>2019-04-0100:00:00</Datum>
        <Wtag>1</Wtag>
        <Sonntag>Neujahr</Sonntag>
        <Losungstext>und lehret sie halten alles, was ich euch befohlen habe. Und siehe, ich bin bei euch alle Tage bis an der Welt Ende.</Losungstext>
        <Losungsvers>Matthäus 28,20</Losungsvers>
        <Lehrtext/>
        <Lehrtextvers></Lehrtextvers>
    </Losungen>
    <Losungen>
        <Datum>2019-05-0100:00:00</Datum>
        <Wtag>3</Wtag>
        <Sonntag>Neujahr</Sonntag>
        <Losungstext>Darum bist du groß, Herr HERR! Denn es ist keiner wie du, und ist kein Gott außer dir nach allem, was wir mit unsern Ohren gehört haben.  </Losungstext>
        <Losungsvers>2. Samuel 7,22</Losungsvers>
        <Lehrtext/>
        <Lehrtextvers></Lehrtextvers>
    </Losungen>
    <Losungen>
        <Datum>2019-06-0100:00:00</Datum>
        <Wtag>6</Wtag>
        <Sonntag>Neujahr</Sonntag>
        <Losungstext>Freundliche Reden sind Honigseim, süß für die Seele und heilsam für die Glieder.  </Losungstext>
        <Losungsvers>Sprüche 16,24</Losungsvers>
        <Lehrtext/>
        <Lehrtextvers></Lehrtextvers>
    </Losungen>
    <Losungen>
        <Datum>2019-07-0100:00:00</Datum>
        <Wtag>1</Wtag>
        <Sonntag>Neujahr</Sonntag>
        <Losungstext>Ihr sollt wissen: Ein jeder Mensch sei schnell zum Hören, langsam zum Reden, langsam zum Zorn.  </Losungstext>
        <Losungsvers>Jakobus 1,19</Losungsvers>
        <Lehrtext/>
        <Lehrtextvers></Lehrtextvers>
    </Losungen>
    <Losungen>
        <Datum>2019-08-0100:00:00</Datum>
        <Wtag>4</Wtag>
        <Sonntag>Neujahr</Sonntag>
        <Losungstext>Geht aber und predigt und sprecht: Das Himmelreich ist nahe herbeigekommen.</Losungstext>
        <Losungsvers>Matthäus 10,7</Losungsvers>
        <Lehrtext/>
        <Lehrtextvers></Lehrtextvers>
    </Losungen>
    <Losungen>
        <Datum>2019-09-0100:00:00</Datum>
        <Wtag>7</Wtag>
        <Sonntag>Neujahr</Sonntag>
        <Losungstext>Was hülfe es dem Menschen, wenn er die ganze Welt gewönne und nähme doch Schaden an seiner Seele? Oder was kann der Mensch geben, womit er seine Seele auslöse?</Losungstext>
        <Losungsvers>Matthäus 16,26</Losungsvers>
        <Lehrtext/>
        <Lehrtextvers></Lehrtextvers>
    </Losungen>
    <Losungen>
        <Datum>2019-10-0100:00:00</Datum>
        <Wtag>2</Wtag>
        <Sonntag>Neujahr</Sonntag>
        <Losungstext/>
        <Losungsvers>---</Losungsvers>
        <Lehrtext/>
        <Lehrtextvers></Lehrtextvers>
    </Losungen>
    <Losungen>
        <Datum>2019-11-0100:00:00</Datum>
        <Wtag>5</Wtag>
        <Sonntag>Neujahr</Sonntag>
        <Losungstext>Aber ich weiß, dass mein Erlöser lebt, und als der Letzte wird er über dem Staub sich erheben.  </Losungstext>
        <Losungsvers>Hiob 19,25</Losungsvers>
        <Lehrtext/>
        <Lehrtextvers></Lehrtextvers>
    </Losungen>
    <Losungen>
        <Datum>2019-12-0100:00:00</Datum>
        <Wtag>7</Wtag>
        <Sonntag>Neujahr</Sonntag>
        <Losungstext>Wer ist unter euch, der den HERRN fürchtet, der auf die Stimme seines Knechts hört? Wer im Finstern wandelt und wem kein Licht scheint, der hoffe auf den Namen des HERRN und verlasse sich auf seinen Gott!  </Losungstext>
        <Losungsvers>Jesaja 50,10</Losungsvers>
        <Lehrtext/>
        <Lehrtextvers></Lehrtextvers>
    </Losungen>
</FreeXml>