<?xml version="1.0" standalone="yes"?>
<FreeXml xmlns:xsi="http://www.w3.org/2001/XMLSchema-instance" xsi:noNamespaceSchemaLocation="http://www.brueder-unitaet.de/losung/losungen.xsd">
  <Losungen>
    <Datum>2025-01-01T00:00:00</Datum>
    <Losungstext>Jesus Christus spricht: Liebt eure Feinde; tut denen Gutes, die euch hassen! Segnet die, die euch verfluchen; betet für die, die euch beschimpfen!</Losungstext>
    <Losungsvers>Lukas 6,27-28</Losungsvers>
  </Losungen>
  <Losungen>
    <Datum>2025-02-01T00:00:00</Datum>
    <Losungstext>Du tust mir kund den Weg zum Leben.</Losungstext>
    <Losungsvers>Psalm 16,11</Losungsvers>
  </Losungen>
  <Losungen>
    <Datum>2025-03-01T00:00:00</Datum>
    <Losungstext>Wenn bei dir ein Fremder in eurem Land lebt, sollt ihr ihn nicht unterdrücken.</Losungstext>
    <Losungsvers>3. Mose 19,33</Losungsvers>
  </Losungen>
  <Losungen>
    <Datum>2025-04-01T00:00:00</Datum>
    <Losungstext>Brannte nicht unser Herz in uns, da er mit uns redete?</Losungstext>
    <Losungsvers>Lukas 24,32</Losungsvers>
  </Losungen>
  <Losungen>
    <Datum>2025-05-01T00:00:00</Datum>
    <Losungstext>Zu dir rufe ich, HERR; denn Feuer hat das Gras der Steppe gefressen, die Flammen haben alle Bäume auf dem Feld verbrannt. Auch die Tiere auf dem Feld schreien lechzend zu dir; denn die Bäche sind vertrocknet.</Losungstext>
    <Losungsvers>Joel 1,19-20</Losungsvers>
  </Losungen>
  <Losungen>
    <Datum>2025-06-01T00:00:00</Datum>
    <Losungstext>Mir aber hat Gott gezeigt, dass man keinen Menschen unheilig oder unrein nennen darf.</Losungstext>
    <Losungsvers>Apostelgeschichte 10,28</Losungsvers>
  </Losungen>
  <Losungen>
    <Datum>2025-07-01T00:00:00</Datum>
    <Losungstext>Sorgt euch um nichts, sondern bringt in jeder Lage betend und flehend eure Bitten mit Dank vor Gott!</Losungstext>
    <Losungsvers>Philipper 4,6</Losungsvers>
  </Losungen>
  <Losungen>
    <Datum>2025-08-01T00:00:00</Datum>
    <Losungstext>Gottes Hilfe habe ich erfahren bis zum heutigen Tag und stehe nun hier und bin sein Zeuge.</Losungstext>
    <Losungsvers>Apostelgeschichte 26,22</Losungsvers>
  </Losungen>
  <Losungen>
    <Datum>2025-09-01T00:00:00</Datum>
    <Losungstext>Gott ist unsre Zuversicht und Stärke.</Losungstext>
    <Losungsvers>Psalm 46,2</Losungsvers>
  </Losungen>
  <Losungen>
    <Datum>2025-10-01T00:00:00</Datum>
    <Losungstext>Jesus Christus spricht: Das Reich Gottes ist mitten unter euch.</Losungstext>
    <Losungsvers>Lukas 17,21</Losungsvers>
  </Losungen>
  <Losungen>
    <Datum>2025-11-01T00:00:00</Datum>
    <Losungstext>Gott spricht: Ich will das Verlorene wieder suchen und das Verirrte zurückbringen und das Verwundete verbinden und das Schwache stärken.</Losungstext>
    <Losungsvers>Hesekiel 34,16</Losungsvers>
  </Losungen>
  <Losungen>
    <Datum>2025-12-01T00:00:00</Datum>
    <Losungstext>Gott spricht: Euch aber, die ihr meinen Namen fürchtet, soll aufgehen die Sonne der Gerechtigkeit und Heil unter ihren Flügeln.</Losungstext>
    <Losungsvers>Maleachi 3,20</Losungsvers>
  </Losungen>
</FreeXml>
