<?xml version="1.0" standalone="yes"?>
<FreeXml xmlns:xsi="http://www.w3.org/2001/XMLSchema-instance" xsi:noNamespaceSchemaLocation="http://www.brueder-unitaet.de/losung/losungen.xsd">
  <Losungen>
    <Datum>2020-01-01T00:00:00</Datum>
    <Losungstext>Viele sagen: "Wer wird uns Gutes sehen lassen?" HERR, lass leuchten über uns das Licht deines Antlitzes!</Losungstext>
    <Losungsvers>Psalm 4,7</Losungsvers>
  </Losungen>
  <Losungen>
    <Datum>2020-02-01T00:00:00</Datum>
    <Losungstext>Freut euch darüber, dass eure Namen im Himmel verzeichnet sind!</Losungstext>
    <Losungsvers>Lukas 10,20</Losungsvers>
  </Losungen>
  <Losungen>
    <Datum>2020-03-01T00:00:00</Datum>
    <Losungstext>Jesus antwortete: Ich sage euch: Wenn diese schweigen werden, so werden die Steine schreien.</Losungstext>
    <Losungsvers>Lukas 19,40</Losungsvers>
  </Losungen>
  <Losungen>
    <Datum>2020-04-01T00:00:00</Datum>
    <Losungstext>Christus ist Bild des unsichtbaren Gottes, der Erstgeborene der ganzen Schöpfung.</Losungstext>
    <Losungsvers>Kolosser 1,15</Losungsvers>
  </Losungen>
  <Losungen>
    <Datum>2020-05-01T00:00:00</Datum>
    <Losungstext>Öffne deinen Mund für den Stummen, für das Recht aller Schwachen!</Losungstext>
    <Losungsvers>Sprüche 31,8</Losungsvers>
  </Losungen>
  <Losungen>
    <Datum>2020-06-01T00:00:00</Datum>
    <Losungstext>Man muss Gott mehr gehorchen als den Menschen.</Losungstext>
    <Losungsvers>Apostelgeschichte 5,29</Losungsvers>
  </Losungen>
  <Losungen>
    <Datum>2020-07-01T00:00:00</Datum>
    <Losungstext>Gott ist nicht ferne von einem jeden unter uns. Denn in ihm leben, weben und sind wir.</Losungstext>
    <Losungsvers>Apostelgeschichte 17,27</Losungsvers>
  </Losungen>
  <Losungen>
    <Datum>2020-08-01T00:00:00</Datum>
    <Losungstext>Neige, HERR, dein Ohr und höre! Öffne, HERR, deine Augen und sieh her!</Losungstext>
    <Losungsvers>2. Könige 19,16</Losungsvers>
  </Losungen>
  <Losungen>
    <Datum>2020-09-01T00:00:00</Datum>
    <Losungstext>Ihr sät viel und bringt wenig ein; ihr esst und werdet doch nicht satt; ihr trinkt und bleibt doch durstig; ihr kleidet euch, und keinem wird warm; und wer Geld verdient, der legt's in einen löchrigen Beutel.</Losungstext>
    <Losungsvers>Haggai 1,6</Losungsvers>
  </Losungen>
  <Losungen>
    <Datum>2020-10-01T00:00:00</Datum>
    <Losungstext>Lasst uns aufeinander achthaben und einander anspornen zur Liebe und zu guten Werken.</Losungstext>
    <Losungsvers>Hebräer 10,24</Losungsvers>
  </Losungen>
  <Losungen>
    <Datum>2020-11-01T00:00:00</Datum>
    <Losungstext>Der Herr aber richte eure Herzen aus auf die Liebe Gottes und auf das Warten auf Christus.</Losungstext>
    <Losungsvers>2. Thessalonicher 3,5</Losungsvers>
  </Losungen>
  <Losungen>
    <Datum>2020-12-01T00:00:00</Datum>
    <Losungstext>Freue dich und sei fröhlich, du Tochter Zion! Denn siehe, ich komme und will bei dir wohnen, spricht der HERR.</Losungstext>
    <Losungsvers>Sacharja 2,14</Losungsvers>
  </Losungen>
</FreeXml>
