<?xml version="1.0" encoding="UTF-8"?><FreeXml><Losungen><Datum>2020-01-0100:00:00</Datum><Losungstext>God is faithful, by whom you were called into the fellowship of his Son, Jesus Christ our Lord. </Losungstext><Losungsvers>1 Corinthians 1,9</Losungsvers></Losungen><Losungen><Datum>2020-02-0100:00:00</Datum><Losungstext>You were bought with a price; do not become bondservants of men. </Losungstext><Losungsvers>1 Corinthians 7,23</Losungsvers></Losungen><Losungen><Datum>2020-03-0100:00:00</Datum><Losungstext>And what I say to you I say to all: Stay awake.” </Losungstext><Losungsvers>Mark 13,37</Losungsvers></Losungen><Losungen><Datum>2020-04-0100:00:00</Datum><Losungstext>So is it with the resurrection of the dead. What is sown is perishable; what is raised is imperishable. </Losungstext><Losungsvers>1 Corinthians 15,42</Losungsvers></Losungen><Losungen><Datum>2020-05-0100:00:00</Datum><Losungstext>As each has received a gift, use it to serve one another, as good stewards of God’s varied grace: </Losungstext><Losungsvers>1 Peter 4,10</Losungsvers></Losungen><Losungen><Datum>2020-06-0100:00:00</Datum><Losungstext>then hear in heaven your dwelling place and forgive and act and render to each whose heart you know, according to all his ways (for you, you only, know the hearts of all the children of mankind), </Losungstext><Losungsvers>1 Kings 8,39</Losungsvers></Losungen><Losungen><Datum>2020-07-0100:00:00</Datum><Losungstext>And the angel of the Lord came again a second time and touched him and said, “Arise and eat, for the journey is too great for you.” </Losungstext><Losungsvers>1 Kings 19,7</Losungsvers></Losungen><Losungen><Datum>2020-08-0100:00:00</Datum><Losungstext>I praise you, for I am fearfully and wonderfully made. Wonderful are your works; my soul knows it very well. </Losungstext><Losungsvers>Psalms 139,14</Losungsvers></Losungen><Losungen><Datum>2020-09-0100:00:00</Datum><Losungstext>that is, in Christ God was reconciling the world to himself, not counting their trespasses against them, and entrusting to us the message of reconciliation. </Losungstext><Losungsvers>2 Corinthians 5,19</Losungsvers></Losungen><Losungen><Datum>2020-10-0100:00:00</Datum><Losungstext>But seek the welfare of the city where I have sent you into exile, and pray to the Lord on its behalf, for in its welfare you will find your welfare. </Losungstext><Losungsvers>Jeremiah 29,7</Losungsvers></Losungen><Losungen><Datum>2020-11-0100:00:00</Datum><Losungstext>With weeping they shall come, and with pleas for mercy I will lead them back, I will make them walk by brooks of water, in a straight path in which they shall not stumble, for I am a father to Israel, and Ephraim is my firstborn. </Losungstext><Losungsvers>Jeremiah 31,9</Losungsvers></Losungen><Losungen><Datum>2020-12-0100:00:00</Datum><Losungstext>Is it not to share your bread with the hungry and bring the homeless poor into your house; when you see the naked, to cover him, and not to hide yourself from your own flesh? </Losungstext><Losungsvers>Isaiah 58,7</Losungsvers></Losungen></FreeXml>