<?xml version="1.0" encoding="UTF-8"?>
<FreeXml>
    <Losungen>
        <Datum>2019-01-0600:00:00</Datum>
        <Wtag>6</Wtag>
        <Sonntag></Sonntag>
        <Losungstext>At the same time, it is a new commandment that I am writing to you, which is true in him and in you, because the darkness is passing away and the true light is already shining. </Losungstext>
        <Losungsvers>1. John 2,8</Losungsvers>
        <Lehrtext/>
        <Lehrtextvers></Lehrtextvers>
    </Losungen>
    <Losungen>
        <Datum>2019-01-1300:00:00</Datum>
        <Wtag>6</Wtag>
        <Sonntag></Sonntag>
        <Losungstext>For all who are led by the Spirit of God are sons of God. </Losungstext>
        <Losungsvers>Romans 8,14</Losungsvers>
        <Lehrtext/>
        <Lehrtextvers></Lehrtextvers>
    </Losungen>
    <Losungen>
        <Datum>2019-01-2000:00:00</Datum>
        <Wtag>6</Wtag>
        <Sonntag></Sonntag>
        <Losungstext>For from his fullness we have all received, grace upon grace. </Losungstext>
        <Losungsvers>John 1,16</Losungsvers>
        <Lehrtext/>
        <Lehrtextvers></Lehrtextvers>
    </Losungen>
    <Losungen>
        <Datum>2019-01-2700:00:00</Datum>
        <Wtag>6</Wtag>
        <Sonntag></Sonntag>
        <Losungstext>For behold, darkness shall cover the earth, and thick darkness the peoples; but the Lord will arise upon you, and his glory will be seen upon you.  </Losungstext>
        <Losungsvers>Isaiah 60,2</Losungsvers>
        <Lehrtext/>
        <Lehrtextvers></Lehrtextvers>
    </Losungen>
    <Losungen>
        <Datum>2019-02-0300:00:00</Datum>
        <Wtag>6</Wtag>
        <Sonntag></Sonntag>
        <Losungstext>Therefore do not pronounce judgment before the time, before the Lord comes, who will bring to light the things now hidden in darkness and will disclose the purposes of the heart. Then each one will receive his commendation from God. </Losungstext>
        <Losungsvers>1 Corinthians 4,5</Losungsvers>
        <Lehrtext/>
        <Lehrtextvers></Lehrtextvers>
    </Losungen>
    <Losungen>
        <Datum>2019-02-1000:00:00</Datum>
        <Wtag>6</Wtag>
        <Sonntag></Sonntag>
        <Losungstext>Come and see what God has done: he is awesome in his deeds toward the children of man. </Losungstext>
        <Losungsvers>Psalm 66,5</Losungsvers>
        <Lehrtext/>
        <Lehrtextvers></Lehrtextvers>
    </Losungen>
    <Losungen>
        <Datum>2019-02-1700:00:00</Datum>
        <Wtag>6</Wtag>
        <Sonntag></Sonntag>
        <Losungstext>O my God, incline your ear and hear. Open your eyes and see our desolations, and the city that is called by your name. For we do not present our pleas before you because of our righteousness, but because of your great mercy. </Losungstext>
        <Losungsvers>Daniel 9,18</Losungsvers>
        <Lehrtext/>
        <Lehrtextvers></Lehrtextvers>
    </Losungen>
    <Losungen>
        <Datum>2019-02-2400:00:00</Datum>
        <Wtag>6</Wtag>
        <Sonntag></Sonntag>
        <Losungstext>As it is said, “Today, if you hear his voice, do not harden your hearts as in the rebellion.” </Losungstext>
        <Losungsvers>Hebrews 3,15</Losungsvers>
        <Lehrtext/>
        <Lehrtextvers></Lehrtextvers>
    </Losungen>
    <Losungen>
        <Datum>2019-03-0300:00:00</Datum>
        <Wtag>6</Wtag>
        <Sonntag></Sonntag>
        <Losungstext>And taking the twelve, he said to them, “See, we are going up to Jerusalem, and everything that is written about the Son of Man by the prophets will be accomplished. </Losungstext>
        <Losungsvers>Luke 18,31</Losungsvers>
        <Lehrtext/>
        <Lehrtextvers></Lehrtextvers>
    </Losungen>
    <Losungen>
        <Datum>2019-03-1000:00:00</Datum>
        <Wtag>6</Wtag>
        <Sonntag></Sonntag>
        <Losungstext>Whoever makes a practice of sinning is of the devil, for the devil has been sinning from the beginning. The reason the Son of God appeared was to destroy the works of the devil. </Losungstext>
        <Losungsvers>1. John 3,8</Losungsvers>
        <Lehrtext/>
        <Lehrtextvers></Lehrtextvers>
    </Losungen>
    <Losungen>
        <Datum>2019-03-1700:00:00</Datum>
        <Wtag>6</Wtag>
        <Sonntag></Sonntag>
        <Losungstext>but God shows his love for us in that while we were still sinners, Christ died for us. </Losungstext>
        <Losungsvers>Romans 5,8</Losungsvers>
        <Lehrtext/>
        <Lehrtextvers></Lehrtextvers>
    </Losungen>
    <Losungen>
        <Datum>2019-03-2400:00:00</Datum>
        <Wtag>6</Wtag>
        <Sonntag></Sonntag>
        <Losungstext>Jesus said to him, “No one who puts his hand to the plow and looks back is fit for the kingdom of God.” </Losungstext>
        <Losungsvers>Luke 9,62</Losungsvers>
        <Lehrtext/>
        <Lehrtextvers></Lehrtextvers>
    </Losungen>
    <Losungen>
        <Datum>2019-03-3100:00:00</Datum>
        <Wtag>6</Wtag>
        <Sonntag></Sonntag>
        <Losungstext>Truly, truly, I say to you, unless a grain of wheat falls into the earth and dies, it remains alone; but if it dies, it bears much fruit. </Losungstext>
        <Losungsvers>John 12,24</Losungsvers>
        <Lehrtext/>
        <Lehrtextvers></Lehrtextvers>
    </Losungen>
    <Losungen>
        <Datum>2019-04-0700:00:00</Datum>
        <Wtag>6</Wtag>
        <Sonntag></Sonntag>
        <Losungstext>even as the Son of Man came not to be served but to serve, and to give his life as a ransom for many.” </Losungstext>
        <Losungsvers>Matthew 20,28</Losungsvers>
        <Lehrtext/>
        <Lehrtextvers></Lehrtextvers>
    </Losungen>
    <Losungen>
        <Datum>2019-04-1400:00:00</Datum>
        <Wtag>6</Wtag>
        <Sonntag></Sonntag>
        <Losungstext>And as Moses lifted up the serpent in the wilderness, so must the Son of Man be lifted up, </Losungstext>
        <Losungsvers>John 3,14</Losungsvers>
        <Lehrtext/>
        <Lehrtextvers></Lehrtextvers>
    </Losungen>
    <Losungen>
        <Datum>2019-04-2100:00:00</Datum>
        <Wtag>6</Wtag>
        <Sonntag></Sonntag>
        <Losungstext>and the living one. I died, and behold I am alive forevermore, and I have the keys of Death and Hades. </Losungstext>
        <Losungsvers>Revelation 1,18</Losungsvers>
        <Lehrtext/>
        <Lehrtextvers></Lehrtextvers>
    </Losungen>
    <Losungen>
        <Datum>2019-04-2800:00:00</Datum>
        <Wtag>6</Wtag>
        <Sonntag></Sonntag>
        <Losungstext>Blessed be the God and Father of our Lord Jesus Christ! According to his great mercy, he has caused us to be born again to a living hope through the resurrection of Jesus Christ from the dead, </Losungstext>
        <Losungsvers>1 Peter 1,3</Losungsvers>
        <Lehrtext/>
        <Lehrtextvers></Lehrtextvers>
    </Losungen>
    <Losungen>
        <Datum>2019-05-0500:00:00</Datum>
        <Wtag>6</Wtag>
        <Sonntag></Sonntag>
        <Losungstext>I am the good shepherd. The good shepherd lays down his life for the sheep. My sheep hear my voice, and I know them, and they follow me. I give them eternal life, and they will never perish, and no one will snatch them out of my hand. </Losungstext>
        <Losungsvers>John 10,11.27.28</Losungsvers>
        <Lehrtext/>
        <Lehrtextvers></Lehrtextvers>
    </Losungen>
    <Losungen>
        <Datum>2019-05-1200:00:00</Datum>
        <Wtag>6</Wtag>
        <Sonntag></Sonntag>
        <Losungstext>Therefore, if anyone is in Christ, he is a new creation. The old has passed away; behold, the new has come. </Losungstext>
        <Losungsvers>2 Corinthians 5,17</Losungsvers>
        <Lehrtext/>
        <Lehrtextvers></Lehrtextvers>
    </Losungen>
    <Losungen>
        <Datum>2019-05-1900:00:00</Datum>
        <Wtag>6</Wtag>
        <Sonntag></Sonntag>
        <Losungstext>A Psalm. Oh sing to the Lord a new song, for he has done marvelous things! His right hand and his holy arm have worked salvation for him. </Losungstext>
        <Losungsvers>Psalm 98,1</Losungsvers>
        <Lehrtext/>
        <Lehrtextvers></Lehrtextvers>
    </Losungen>
    <Losungen>
        <Datum>2019-05-2600:00:00</Datum>
        <Wtag>6</Wtag>
        <Sonntag></Sonntag>
        <Losungstext>Blessed be God, because he has not rejected my prayer or removed his steadfast love from me!  </Losungstext>
        <Losungsvers>Psalm 66,20</Losungsvers>
        <Lehrtext/>
        <Lehrtextvers></Lehrtextvers>
    </Losungen>
    <Losungen>
        <Datum>2019-06-0200:00:00</Datum>
        <Wtag>6</Wtag>
        <Sonntag></Sonntag>
        <Losungstext>And I, when I am lifted up from the earth, will draw all people to myself.” </Losungstext>
        <Losungsvers>John 12,32</Losungsvers>
        <Lehrtext/>
        <Lehrtextvers></Lehrtextvers>
    </Losungen>
    <Losungen>
        <Datum>2019-06-0900:00:00</Datum>
        <Wtag>6</Wtag>
        <Sonntag></Sonntag>
        <Losungstext>Then he said to me, “This is the word of the Lord to Zerubbabel: Not by might, nor by power, but by my Spirit, says the Lord of hosts. </Losungstext>
        <Losungsvers>Zechariah 4,6</Losungsvers>
        <Lehrtext/>
        <Lehrtextvers></Lehrtextvers>
    </Losungen>
    <Losungen>
        <Datum>2019-06-1600:00:00</Datum>
        <Wtag>6</Wtag>
        <Sonntag></Sonntag>
        <Losungstext>All the saints greet you. </Losungstext>
        <Losungsvers>2 Corinthians 13,13</Losungsvers>
        <Lehrtext/>
        <Lehrtextvers></Lehrtextvers>
    </Losungen>
    <Losungen>
        <Datum>2019-06-2300:00:00</Datum>
        <Wtag>6</Wtag>
        <Sonntag></Sonntag>
        <Losungstext>“The one who hears you hears me, and the one who rejects you rejects me, and the one who rejects me rejects him who sent me.” </Losungstext>
        <Losungsvers>Luke 10,16</Losungsvers>
        <Lehrtext/>
        <Lehrtextvers></Lehrtextvers>
    </Losungen>
    <Losungen>
        <Datum>2019-06-3000:00:00</Datum>
        <Wtag>6</Wtag>
        <Sonntag></Sonntag>
        <Losungstext>Come to me, all who labor and are heavy laden, and I will give you rest. </Losungstext>
        <Losungsvers>Matthew 11,28</Losungsvers>
        <Lehrtext/>
        <Lehrtextvers></Lehrtextvers>
    </Losungen>
    <Losungen>
        <Datum>2019-07-0700:00:00</Datum>
        <Wtag>6</Wtag>
        <Sonntag></Sonntag>
        <Losungstext>For the Son of Man came to seek and to save the lost.” </Losungstext>
        <Losungsvers>Luke 19,10</Losungsvers>
        <Lehrtext/>
        <Lehrtextvers></Lehrtextvers>
    </Losungen>
    <Losungen>
        <Datum>2019-07-1400:00:00</Datum>
        <Wtag>6</Wtag>
        <Sonntag></Sonntag>
        <Losungstext>Bear one another’s burdens, and so fulfill the law of Christ. </Losungstext>
        <Losungsvers>Galatians 6,2</Losungsvers>
        <Lehrtext/>
        <Lehrtextvers></Lehrtextvers>
    </Losungen>
    <Losungen>
        <Datum>2019-07-2100:00:00</Datum>
        <Wtag>6</Wtag>
        <Sonntag></Sonntag>
        <Losungstext>For by grace you have been saved through faith. And this is not your own doing; it is the gift of God, </Losungstext>
        <Losungsvers>Ephesians 2,8</Losungsvers>
        <Lehrtext/>
        <Lehrtextvers></Lehrtextvers>
    </Losungen>
    <Losungen>
        <Datum>2019-07-2800:00:00</Datum>
        <Wtag>6</Wtag>
        <Sonntag></Sonntag>
        <Losungstext>But now thus says the Lord, he who created you, O Jacob, he who formed you, O Israel: “Fear not, for I have redeemed you; I have called you by name, you are mine. </Losungstext>
        <Losungsvers>Isaiah 43,1</Losungsvers>
        <Lehrtext/>
        <Lehrtextvers></Lehrtextvers>
    </Losungen>
    <Losungen>
        <Datum>2019-08-0400:00:00</Datum>
        <Wtag>6</Wtag>
        <Sonntag></Sonntag>
        <Losungstext>So then you are no longer strangers and aliens, but you are fellow citizens with the saints and members of the household of God, </Losungstext>
        <Losungsvers>Ephesians 2,19</Losungsvers>
        <Lehrtext/>
        <Lehrtextvers></Lehrtextvers>
    </Losungen>
    <Losungen>
        <Datum>2019-08-1100:00:00</Datum>
        <Wtag>6</Wtag>
        <Sonntag></Sonntag>
        <Losungstext>for at one time you were darkness, but now you are light in the Lord. Walk as children of light (for the fruit of light is found in all that is good and right and true), </Losungstext>
        <Losungsvers>Ephesians 5,8.9</Losungsvers>
        <Lehrtext/>
        <Lehrtextvers></Lehrtextvers>
    </Losungen>
    <Losungen>
        <Datum>2019-08-1800:00:00</Datum>
        <Wtag>6</Wtag>
        <Sonntag></Sonntag>
        <Losungstext>But the one who did not know, and did what deserved a beating, will receive a light beating. Everyone to whom much was given, of him much will be required, and from him to whom they entrusted much, they will demand the more. </Losungstext>
        <Losungsvers>Luke 12,48</Losungsvers>
        <Lehrtext/>
        <Lehrtextvers></Lehrtextvers>
    </Losungen>
    <Losungen>
        <Datum>2019-08-2500:00:00</Datum>
        <Wtag>6</Wtag>
        <Sonntag></Sonntag>
        <Losungstext>Blessed is the nation whose God is the Lord, the people whom he has chosen as his heritage! </Losungstext>
        <Losungsvers>Psalm 33,12</Losungsvers>
        <Lehrtext/>
        <Lehrtextvers></Lehrtextvers>
    </Losungen>
    <Losungen>
        <Datum>2019-09-0100:00:00</Datum>
        <Wtag>6</Wtag>
        <Sonntag></Sonntag>
        <Losungstext>Likewise, you who are younger, be subject to the elders. Clothe yourselves, all of you, with humility toward one another, for “God opposes the proud but gives grace to the humble.”</Losungstext>
        <Losungsvers>1.Peter 5,5</Losungsvers>
        <Lehrtext/>
        <Lehrtextvers></Lehrtextvers>
    </Losungen>
    <Losungen>
        <Datum>2019-09-0800:00:00</Datum>
        <Wtag>6</Wtag>
        <Sonntag></Sonntag>
        <Losungstext>a bruised reed he will not break, and a faintly burning wick he will not quench; he will faithfully bring forth justice. </Losungstext>
        <Losungsvers>Isaiah 42,3</Losungsvers>
        <Lehrtext/>
        <Lehrtextvers></Lehrtextvers>
    </Losungen>
    <Losungen>
        <Datum>2019-09-1500:00:00</Datum>
        <Wtag>6</Wtag>
        <Sonntag></Sonntag>
        <Losungstext>And the King will answer them, ‘Truly, I say to you, as you did it to one of the least of these my brothers, you did it to me.’ </Losungstext>
        <Losungsvers>Matthew 25,40</Losungsvers>
        <Lehrtext/>
        <Lehrtextvers></Lehrtextvers>
    </Losungen>
    <Losungen>
        <Datum>2019-09-2200:00:00</Datum>
        <Wtag>6</Wtag>
        <Sonntag></Sonntag>
        <Losungstext>Bless the Lord, O my soul, and forget not all his benefits, </Losungstext>
        <Losungsvers>Psalm 103,2</Losungsvers>
        <Lehrtext/>
        <Lehrtextvers></Lehrtextvers>
    </Losungen>
    <Losungen>
        <Datum>2019-09-2900:00:00</Datum>
        <Wtag>6</Wtag>
        <Sonntag></Sonntag>
        <Losungstext>casting all your anxieties on him, because he cares for you.</Losungstext>
        <Losungsvers>1. Petrus 5,7</Losungsvers>
        <Lehrtext/>
        <Lehrtextvers></Lehrtextvers>
    </Losungen>
    <Losungen>
        <Datum>2019-10-0600:00:00</Datum>
        <Wtag>6</Wtag>
        <Sonntag></Sonntag>
        <Losungstext>The eyes of all look to you, and you give them their food in due season. </Losungstext>
        <Losungsvers>Psalm 145,15</Losungsvers>
        <Lehrtext/>
        <Lehrtextvers></Lehrtextvers>
    </Losungen>
    <Losungen>
        <Datum>2019-10-1300:00:00</Datum>
        <Wtag>6</Wtag>
        <Sonntag></Sonntag>
        <Losungstext>For everyone who has been born of God overcomes the world. And this is the victory that has overcome the world—our faith. </Losungstext>
        <Losungsvers>1.John 5,4</Losungsvers>
        <Lehrtext/>
        <Lehrtextvers></Lehrtextvers>
    </Losungen>
    <Losungen>
        <Datum>2019-10-2000:00:00</Datum>
        <Wtag>6</Wtag>
        <Sonntag></Sonntag>
        <Losungstext>And this commandment we have from him: whoever loves God must also love his brother. </Losungstext>
        <Losungsvers>1.John 4,21</Losungsvers>
        <Lehrtext/>
        <Lehrtextvers></Lehrtextvers>
    </Losungen>
    <Losungen>
        <Datum>2019-10-2700:00:00</Datum>
        <Wtag>6</Wtag>
        <Sonntag></Sonntag>
        <Losungstext>Heal me, O Lord, and I shall be healed; save me, and I shall be saved, for you are my praise. </Losungstext>
        <Losungsvers>Jeremiah 17,14</Losungsvers>
        <Lehrtext/>
        <Lehrtextvers></Lehrtextvers>
    </Losungen>
    <Losungen>
        <Datum>2019-11-0300:00:00</Datum>
        <Wtag>6</Wtag>
        <Sonntag></Sonntag>
        <Losungstext>He has told you, O man, what is good; and what does the Lord require of you but to do justice, and to love kindness, and to walk humbly with your God? </Losungstext>
        <Losungsvers>Micah 6,8</Losungsvers>
        <Lehrtext/>
        <Lehrtextvers></Lehrtextvers>
    </Losungen>
    <Losungen>
        <Datum>2019-11-1000:00:00</Datum>
        <Wtag>6</Wtag>
        <Sonntag></Sonntag>
        <Losungstext>“Blessed are the peacemakers, for they shall be called sons of God. </Losungstext>
        <Losungsvers>Matthew 5,9</Losungsvers>
        <Lehrtext/>
        <Lehrtextvers></Lehrtextvers>
    </Losungen>
    <Losungen>
        <Datum>2019-11-1700:00:00</Datum>
        <Wtag>6</Wtag>
        <Sonntag></Sonntag>
        <Losungstext>For we must all appear before the judgment seat of Christ, so that each one may receive what is due for what he has done in the body, whether good or evil.</Losungstext>
        <Losungsvers>2 Corinthians 5,10</Losungsvers>
        <Lehrtext/>
        <Lehrtextvers></Lehrtextvers>
    </Losungen>
    <Losungen>
        <Datum>2019-11-2400:00:00</Datum>
        <Wtag>6</Wtag>
        <Sonntag></Sonntag>
        <Losungstext>“Stay dressed for action and keep your lamps burning, </Losungstext>
        <Losungsvers>Luke 12,35</Losungsvers>
        <Lehrtext/>
        <Lehrtextvers></Lehrtextvers>
    </Losungen>
    <Losungen>
        <Datum>2019-12-0100:00:00</Datum>
        <Wtag>6</Wtag>
        <Sonntag></Sonntag>
        <Losungstext>Rejoice greatly, O daughter of Zion! Shout aloud, O daughter of Jerusalem! Behold, your king is coming to you; righteous and having salvation is he, humble and mounted on a donkey, on a colt, the foal of a donkey. </Losungstext>
        <Losungsvers>Zechariah 9,9</Losungsvers>
        <Lehrtext/>
        <Lehrtextvers></Lehrtextvers>
    </Losungen>
    <Losungen>
        <Datum>2019-12-0800:00:00</Datum>
        <Wtag>6</Wtag>
        <Sonntag></Sonntag>
        <Losungstext>Now when these things begin to take place, straighten up and raise your heads, because your redemption is drawing near.” </Losungstext>
        <Losungsvers>Luke 21,28</Losungsvers>
        <Lehrtext/>
        <Lehrtextvers></Lehrtextvers>
    </Losungen>
    <Losungen>
        <Datum>2019-12-1500:00:00</Datum>
        <Wtag>6</Wtag>
        <Sonntag></Sonntag>
        <Losungstext>A voice cries: “In the wilderness prepare the way of the Lord; make straight in the desert a highway for our God. Behold, the Lord God comes with might, and his arm rules for him; behold, his reward is with him, and his recompense before him. </Losungstext>
        <Losungsvers>Isaiah 40,3.10</Losungsvers>
        <Lehrtext/>
        <Lehrtextvers></Lehrtextvers>
    </Losungen>
    <Losungen>
        <Datum>2019-12-2200:00:00</Datum>
        <Wtag>6</Wtag>
        <Sonntag></Sonntag>
        <Losungstext>Rejoice in the Lord always; again I will say, rejoice. Let your reasonableness be known to everyone. The Lord is at hand; </Losungstext>
        <Losungsvers>Philippians 4,4-5</Losungsvers>
        <Lehrtext/>
        <Lehrtextvers></Lehrtextvers>
    </Losungen>
    <Losungen>
        <Datum>2019-12-2900:00:00</Datum>
        <Wtag>6</Wtag>
        <Sonntag></Sonntag>
        <Losungstext>And the Word became flesh and dwelt among us, and we have seen his glory, glory as of the only Son from the Father, full of grace and truth. </Losungstext>
        <Losungsvers>John 1,14</Losungsvers>
        <Lehrtext/>
        <Lehrtextvers></Lehrtextvers>
    </Losungen>
</FreeXml>
